<addon id="ale.kodi.repo" name="Ale Repository" version="1.5" provider-name="Ale84">

                <extension point="xbmc.addon.repository" name="Ale Repository">
          <info compressed="false">
          https://github.com/alessietto3/Alerepo/blob/master/addons.xml
          </info>
          <checksum>
          https://github.com/alessietto3/Alerepo/blob/master/addons.xml.md5
          </checksum>
          <datadir zip="true">https://github.com/alessietto3/Alerepo</datadir>
                </extension>
                <extension point="xbmc.addon.metadata">
          <summary>
          Install add-ons from the Ale All Repository
          </summary>

          <description>
          Beccati sta repository
          </description>

          <disclaimer>
          disclaimer non so cosa sia]
          </disclaimer>

          <platform>all</platform>
                </extension>
</addon>
