<addon id="ale.kodi.repo" name="Ale Repository" version="1.7" provider-name="Ale84">

  <extension point="xbmc.addon.repository" name="Ale Repository">
    <info compressed="false">
      https://raw.githubusercontent.com/alessietto3/Alerepo/master/addons.xml
    </info>
    <checksum>
      https://raw.githubusercontent.com/alessietto3/Alerepo/master/addons.xml.md5
    </checksum>
    <datadir zip="true">https://raw.githubusercontent.com/alessietto3/Alerepo/master/</datadir>
  </extension>
  <extension point="xbmc.addon.metadata">
    <summary>
      Install add-ons from the Ale All Repository
    </summary>

    <description>
      Repository di Ale, addons creati da me.
    </description>

    <disclaimer>
      disclaimer non so cosa sia]
    </disclaimer>

    <platform>all</platform>
  </extension>
</addon>
